year,month,sunspot_number
1750,1,107.27751962147802
1750,2,96.50558658987106
1750,3,113.3523419302472
1750,4,134.4766677277552
1750,5,120.09457479322413
1750,6,118.8118582160552
1750,7,119.845744829594
1750,8,121.08143015429542
1750,9,143.48239263562715
1750,10,142.20012777503308
1750,11,130.1978653509347
1750,12,144.5970963297533
1751,1,130.19891512724533
1751,2,142.17867275485668
1751,3,142.30647201195123
1751,4,143.2895583820418
1751,5,135.1174242257117
1751,6,141.68536768420512
1751,7,123.15919442967525
1751,8,158.0611868844228
1751,9,171.79670540152938
1751,10,153.41619312632687
1751,11,137.9387573707927
1751,12,158.600381203767
1752,1,149.0851045102725
1752,2,149.94786176283688
1752,3,141.19535906600103
1752,4,139.85796271562654
1752,5,151.1354511665356
1752,6,153.73677488374818
1752,7,152.54381822580513
1752,8,141.2731253230298
1752,9,134.75434578027782
1752,10,161.2087399394019
1752,11,137.25764801665707
1752,12,123.20801775413985
1753,1,106.10768044175795
1753,2,114.91218646514518
1753,3,105.22837084419805
1753,4,115.99461633836329
1753,5,109.90423096065257
1753,6,108.08988847518427
1753,7,89.76380701867363
1753,8,75.06738936166983
1753,9,82.05880343633743
1753,10,79.75828902407207
1753,11,99.48596757783335
1753,12,66.23912214875644
1754,1,68.47212707260303
1754,2,67.26776939900697
1754,3,69.38563986996196
1754,4,74.28194411120043
1754,5,63.28064027933337
1754,6,48.98931593737468
1754,7,46.560988771865304
1754,8,56.81461859935038
1754,9,25.10881710475929
1754,10,17.58966591226224
1754,11,47.68805338885075
1754,12,17.58221839499846
1755,1,5.53813831784165
1755,2,8.411238840715228
1755,3,33.440088144376375
1755,4,0
1755,5,3.964967290972705
1755,6,0
1755,7,0
1755,8,0
1755,9,0
1755,10,2.977024244032741
1755,11,0
1755,12,0
1756,1,0
1756,2,0
1756,3,0
1756,4,0
1756,5,0
1756,6,0
1756,7,0
1756,8,0
1756,9,0
1756,10,0
1756,11,0
1756,12,0
1757,1,0
1757,2,0
1757,3,0
1757,4,0
1757,5,0
1757,6,0
1757,7,0
1757,8,0
1757,9,0
1757,10,0
1757,11,0
1757,12,0
1758,1,0
1758,2,0
1758,3,0
1758,4,0
1758,5,0
1758,6,0
1758,7,0
1758,8,0
1758,9,0
1758,10,0
1758,11,0
1758,12,0
1759,1,0
1759,2,0
1759,3,1.7325197891263109
1759,4,20.427570139361904
1759,5,16.05084570966714
1759,6,40.74015342902415
1759,7,14.003443828997156
1759,8,27.895706501229405
1759,9,30.183417186859366
1759,10,27.934342109111967
1759,11,39.00327562476395
1759,12,58.03918018096705
1760,1,53.631100447984664
1760,2,45.732798303802404
1760,3,59.304433580496124
1760,4,71.94716248881493
1760,5,79.44651281175621
1760,6,66.9578442197502
1760,7,76.08960731147364
1760,8,80.82283792041302
1760,9,88.08435719474366
1760,10,83.28750588673485
1760,11,109.81728980947217
1760,12,97.75344626577795
1761,1,109.83576069144853
1761,2,121.75105647138307
1761,3,112.16562532631065
1761,4,127.14396507071265
1761,5,131.67677033368335
1761,6,121.74458357410063
1761,7,141.28839470367006
1761,8,127.28943068065034
1761,9,140.38134336876297
1761,10,141.74357671417255
1761,11,149.19439623956774
1761,12,141.4606884597795
1762,1,157.699244707185
1762,2,148.97135510450553
1762,3,137.21692568155382
1762,4,155.79167042600125
1762,5,162.57619221861256
1762,6,145.78758736130044
1762,7,155.51876265853392
1762,8,150.14179830762586
1762,9,139.2787618738646
1762,10,173.82868331976732
1762,11,163.80781142825106
1762,12,161.36489635129075
1763,1,157.19442518485684
1763,2,162.09958218423435
1763,3,139.7897944061328
1763,4,135.33874628977583
1763,5,137.73994786852458
1763,6,131.63737995120195
1763,7,129.46578904598715
1763,8,142.80212516030545
1763,9,131.03133174514232
1763,10,141.70878412876064
1763,11,151.2470086236947
1763,12,101.64452421338561
1764,1,124.30050432814078
1764,2,113.94787164046768
1764,3,126.68644242905279
1764,4,115.4888582878222
1764,5,95.94590088718265
1764,6,112.52248339045923
1764,7,89.01336392573369
1764,8,98.74836880683152
1764,9,98.52538165424296
1764,10,91.20244129247789
1764,11,96.42156132556792
1764,12,65.94627781855782
1765,1,43.930385730877575
1765,2,63.87211156491379
1765,3,58.831312110317796
1765,4,65.1310894532134
1765,5,69.22543022501839
1765,6,61.721195017997644
1765,7,46.11809448895658
1765,8,35.18042306579158
1765,9,31.867681086014542
1765,10,34.44307008909609
1765,11,26.321650468118026
1765,12,21.12165461900633
1766,1,33.42365805310514
1766,2,18.80032362752686
1766,3,0
1766,4,0
1766,5,4.065094599008454
1766,6,7.454652592937265
1766,7,0
1766,8,0
1766,9,0
1766,10,0
1766,11,0
1766,12,0
1767,1,0
1767,2,0
1767,3,0
1767,4,0
1767,5,0
1767,6,0
1767,7,0
1767,8,0
1767,9,0
1767,10,0
1767,11,0
1767,12,0
1768,1,0
1768,2,0
1768,3,0
1768,4,0
1768,5,0
1768,6,0
1768,7,0
1768,8,0
1768,9,0
1768,10,0
1768,11,0
1768,12,0
1769,1,0
1769,2,0
1769,3,0
1769,4,0
1769,5,0
1769,6,0
1769,7,0
1769,8,0
1769,9,0
1769,10,0
1769,11,0
1769,12,0
1770,1,1.4477095649676734
1770,2,17.512584839295847
1770,3,8.573868303211162
1770,4,0
1770,5,17.95739149655884
1770,6,28.406519247498586
1770,7,6.1265928879276395
1770,8,20.487336326711823
1770,9,49.14261982611348
1770,10,33.360827279132536
1770,11,42.93096691932166
1770,12,53.123343307191234
1771,1,47.10096923050142
1771,2,53.21648789387345
1771,3,62.46366672066213
1771,4,80.70896254263872
1771,5,83.98196461349674
1771,6,69.04695493446019
1771,7,84.59253594249272
1771,8,94.9791361379439
1771,9,84.79406824904649
1771,10,83.31314198056238
1771,11,96.42953544541844
1771,12,105.19612762897205
1772,1,127.06225867177554
1772,2,121.22403449512123
1772,3,129.23950671781517
1772,4,114.73742957496671
1772,5,102.19116494255185
1772,6,137.79799034552173
1772,7,120.4163252805453
1772,8,117.84014625413228
1772,9,135.52174281105684
1772,10,145.17486738668381
1772,11,134.8603975672803
1772,12,148.96682292671034
1773,1,163.15212956869567
1773,2,139.64628482605016
1773,3,143.15283045446432
1773,4,144.79538099115507
1773,5,135.03356791308343
1773,6,163.92086055936628
1773,7,142.08525055746782
1773,8,164.64810771214522
1773,9,149.99613289441314
1773,10,152.39556756171706
1773,11,139.53797728950417
1773,12,163.20867391089183
1774,1,158.950899900455
1774,2,140.97783914198197
1774,3,157.2711023738625
1774,4,142.1303581881035
1774,5,137.5652362056092
1774,6,133.36196781294709
1774,7,129.60431235785495
1774,8,143.19936797326693
1774,9,127.08437459409632
1774,10,136.33649853728232
1774,11,106.69795186424027
1774,12,126.72188016321653
1775,1,110.99290853552822
1775,2,117.42749649695996
1775,3,124.25213447458337
1775,4,105.46238576327843
1775,5,115.82804394593938
1775,6,104.40193086464411
1775,7,120.85336486352779
1775,8,82.72879664527356
1775,9,83.38185443879752
1775,10,88.54657895143555
1775,11,72.21337004109533
1775,12,70.37878317486248
1776,1,79.72046255524367
1776,2,73.78585999687631
1776,3,67.89983420328042
1776,4,57.84201644286208
1776,5,42.9406589765686
1776,6,54.09665421542951
1776,7,48.288117455712296
1776,8,18.485552341791
1776,9,23.944035097936524
1776,10,28.420636220206166
1776,11,43.57199445490593
1776,12,14.92630923844897
1777,1,15.263229570573472
1777,2,14.546105732292183
1777,3,15.193438124410786
1777,4,8.444126898368538
1777,5,0
1777,6,0
1777,7,0
1777,8,0
1777,9,0
1777,10,0
1777,11,0
1777,12,0
1778,1,0
1778,2,0
1778,3,0
1778,4,0
1778,5,0
1778,6,0
1778,7,0
1778,8,0
1778,9,0
1778,10,0
1778,11,0
1778,12,0
1779,1,0
1779,2,0
1779,3,0
1779,4,0
1779,5,0
1779,6,0
1779,7,0
1779,8,0
1779,9,0
1779,10,0
1779,11,0
1779,12,0
1780,1,0
1780,2,0
1780,3,0
1780,4,0
1780,5,0
1780,6,0
1780,7,0
1780,8,0
1780,9,0
1780,10,0
1780,11,0
1780,12,4.599128214464768
1781,1,7.094531910905142
1781,2,10.471350834965886
1781,3,5.381132554694673
1781,4,0
1781,5,5.051705539057107
1781,6,10.004281742458902
1781,7,42.41124406474309
1781,8,17.73824801453442
1781,9,27.857988201002826
1781,10,37.16748301459774
1781,11,44.54259476549048
1781,12,52.7121117128354
1782,1,50.73479548490923
1782,2,66.03827892498781
1782,3,51.133666525447005
1782,4,67.44717700804492
1782,5,76.02878609389505
1782,6,82.12163305703969
1782,7,84.10163843593367
1782,8,89.62445031386466
1782,9,84.47324331662563
1782,10,88.79871827864946
1782,11,103.57357904689724
1782,12,104.21916628384487
1783,1,98.96649234018636
1783,2,108.22600623560726
1783,3,109.41709372079413
1783,4,119.6457055497762
1783,5,108.05287194606785
1783,6,124.30866684610751
1783,7,120.32083340395526
1783,8,124.84450241532198
1783,9,148.31783068747515
1783,10,136.52870614758908
1783,11,143.3004668519031
1783,12,129.29282134531252
1784,1,135.74861898307847
1784,2,135.54779780574154
1784,3,152.17356978322343
1784,4,138.89540184333666
1784,5,132.5961410120146
1784,6,159.72792783079666
1784,7,151.38965494249632
1784,8,146.84527151831554
1784,9,148.74327728574326
1784,10,157.51321758563523
1784,11,157.4237461318765
1784,12,152.65219244536686
1785,1,152.97653209239513
1785,2,141.75611012274598
1785,3,130.38728445483736
1785,4,142.21665181112218
1785,5,118.01613560329454
1785,6,159.4962868530486
1785,7,149.15404616822627
1785,8,145.60174768736195
1785,9,120.8092910959653
1785,10,142.50685774089118
1785,11,117.64266280397969
1785,12,144.84496362094018
1786,1,120.3829604244634
1786,2,120.13858945619782
1786,3,123.78735800785877
1786,4,126.65486580944123
1786,5,117.91053577572792
1786,6,93.14039900144715
1786,7,106.71163510532573
1786,8,104.74175635669638
1786,9,99.16221413788885
1786,10,92.71992451383002
1786,11,82.99085699960796
1786,12,63.93569791918773
1787,1,61.728767897913826
1787,2,77.1802610806828
1787,3,63.746349056177024
1787,4,51.822031646803275
1787,5,54.495792556823886
1787,6,40.19871545011694
1787,7,55.00189484488372
1787,8,55.31112913462164
1787,9,54.79358127837405
1787,10,31.406356473739333
1787,11,16.20896429848734
1787,12,22.7058470365482
1788,1,21.619556967587297
1788,2,19.865731319339844
1788,3,0
1788,4,25.1435690974049
1788,5,0
1788,6,0
1788,7,0
1788,8,0
1788,9,0
1788,10,0
1788,11,0
1788,12,0
1789,1,0
1789,2,0
1789,3,0
1789,4,0
1789,5,0
1789,6,0
1789,7,0
1789,8,0
1789,9,0
1789,10,0
1789,11,0
1789,12,0
1790,1,0
1790,2,0
1790,3,0
1790,4,0
1790,5,0
1790,6,0
1790,7,0
1790,8,0
1790,9,0
1790,10,0
1790,11,0
1790,12,0
1791,1,0
1791,2,0
1791,3,0
1791,4,0
1791,5,0
1791,6,0
1791,7,0
1791,8,0
1791,9,0
1791,10,0
1791,11,0
1791,12,0
1792,1,7.483019139236824
1792,2,6.072786266216789
1792,3,12.727576501341513
1792,4,19.481642214824184
1792,5,19.370790859373017
1792,6,22.525121230582904
1792,7,4.559716086123849
1792,8,43.835641318032366
1792,9,45.92935667063954
1792,10,40.696512238226845
1792,11,56.28890925205393
1792,12,44.86796975104094
1793,1,52.46354540784454
1793,2,56.02967666034088
1793,3,71.09221241418595
1793,4,71.7466529124496
1793,5,79.90349825468876
1793,6,74.17709515535928
1793,7,82.18551628485702
1793,8,92.38691452000072
1793,9,85.78551770643662
1793,10,111.90836095350706
1793,11,102.07037677398193
1793,12,93.11010142670068
1794,1,112.45627775834254
1794,2,120.17826015207365
1794,3,119.91969297594736
1794,4,101.28865258611279
1794,5,114.90302984544391
1794,6,122.13943652212133
1794,7,131.16397005308934
1794,8,114.87882573675125
1794,9,128.3637031485237
1794,10,161.73502228840738
1794,11,156.78200035798733
1794,12,142.48283851089496
1795,1,139.37447527350537
1795,2,168.20607839493036
1795,3,155.89119715866389
1795,4,142.65614750653592
1795,5,125.31273008522882
1795,6,156.51314357860832
1795,7,165.53494654419845
1795,8,125.51165142876098
1795,9,161.5915358503907
1795,10,153.37850666564853
1795,11,163.89670431252512
1795,12,143.6845291088791
1796,1,161.6693596177529
1796,2,143.96480130897814
1796,3,144.6253916116585
1796,4,145.28365166293838
1796,5,141.82059684423444
1796,6,120.47603900285236
1796,7,133.03248458977254
1796,8,138.75384408237713
1796,9,132.384621838281
1796,10,125.7714269658326
1796,11,121.4137359097571
1796,12,139.84785367047718
1797,1,125.26311344290801
1797,2,116.67173507300419
1797,3,121.5687572381483
1797,4,104.59589134426821
1797,5,122.88194805823689
1797,6,99.54189566361315
1797,7,95.18778910899391
1797,8,91.25997868892917
1797,9,92.34509089160525
1797,10,86.41059079355091
1797,11,84.37079906052455
1797,12,70.19722563307265
1798,1,58.72300043817078
1798,2,72.93695258501609
1798,3,68.30110472406598
1798,4,66.84262284308946
1798,5,55.510145509292336
1798,6,56.39712709428888
1798,7,57.288815971111404
1798,8,29.702129444867808
1798,9,41.767554880773986
1798,10,31.317530280238408
1798,11,27.422524205717725
1798,12,34.49645977398183
1799,1,6.523723703290159
1799,2,14.415625205324407
1799,3,11.679594846932178
1799,4,0
1799,5,0.7013739979261788
1799,6,3.4539542068623055
1799,7,6.8518293864176485
1799,8,0
1799,9,0
1799,10,0
1799,11,0
1799,12,0
1800,1,0
1800,2,0
1800,3,0
1800,4,0
1800,5,0
1800,6,0
1800,7,0
1800,8,0
1800,9,0
1800,10,0
1800,11,0
1800,12,0
1801,1,0
1801,2,0
1801,3,0
1801,4,0
1801,5,0
1801,6,0
1801,7,0
1801,8,0
1801,9,0
1801,10,0
1801,11,0
1801,12,0
1802,1,0
1802,2,0
1802,3,0
1802,4,0
1802,5,0
1802,6,0
1802,7,0
1802,8,0
1802,9,0
1802,10,0
1802,11,0
1802,12,22.671353033019976
1803,1,12.2102255609455
1803,2,0
1803,3,20.38769240912876
1803,4,14.335709048235131
1803,5,0
1803,6,17.836438259898802
1803,7,21.864752768744637
1803,8,32.04761433937794
1803,9,43.04101674914433
1803,10,59.72565859332644
1803,11,45.02061366335449
1803,12,42.72317300510648
1804,1,53.4172608305044
1804,2,68.4680512574474
1804,3,46.24176845489407
1804,4,64.00549847525245
1804,5,72.49200876457503
1804,6,61.03633668095644
1804,7,89.48900633943936
1804,8,82.52651367195853
1804,9,79.9314903419411
1804,10,101.91885333471727
1804,11,98.5512980334564
1804,12,95.18730605844074
1805,1,103.01626700381892
1805,2,98.66175139786421
1805,3,116.63705828030237
1805,4,105.56739986887563
1805,5,86.37207129510836
1805,6,120.55075274825278
1805,7,113.71554085054018
1805,8,112.64254107857381
1805,9,153.49464095785385
1805,10,125.25085193545033
1805,11,121.84974919386575
1805,12,128.55135983786334
1806,1,161.43845807070207
1806,2,152.33096076679237
1806,3,136.2742092105864
1806,4,137.61422507482072
1806,5,130.75054348840212
1806,6,145.33674571393894
1806,7,152.45221206484922
1806,8,153.8222039939818
1806,9,143.56849099401296
1806,10,151.54450544946937
1806,11,129.404407668211
1806,12,142.60865278700487
1807,1,148.924027336766
1807,2,172.20767881920378
1807,3,141.12593518601918
1807,4,155.20940049038975
1807,5,156.37653309826393
1807,6,140.46878009977445
1807,7,153.06399277665972
1807,8,120.04119098856997
1807,9,131.5489179007205
1807,10,119.96889741007956
1807,11,140.6683969421238
1807,12,108.96960486484326
1808,1,121.69419106642354
1808,2,106.38983172126538
1808,3,112.2315969767439
1808,4,107.97505469512564
1808,5,118.12564022424988
1808,6,103.0001264609364
1808,7,106.74732483126446
1808,8,97.32013689174057
1808,9,93.60966074682858
1808,10,105.24691747329783
1808,11,80.64581993410702
1808,12,74.44847695329561
1809,1,92.28330355005728
1809,2,76.61467816143447
1809,3,59.00257380091743
1809,4,49.69644956162522
1809,5,53.464497051189326
1809,6,46.757306760773815
1809,7,44.04255397645798
1809,8,49.273160674665306
1809,9,28.161478315195268
1809,10,32.39554092230526
1809,11,29.776770906622207
1809,12,13.573341080863841
1810,1,33.36418230425984
1810,2,22.400666827882816
1810,3,0
1810,4,0
1810,5,3.82606988373791
1810,6,12.648668952184138
1810,7,0
1810,8,0
1810,9,0
1810,10,0
1810,11,0
1810,12,0
1811,1,0
1811,2,0
1811,3,0
1811,4,0
1811,5,0
1811,6,0
1811,7,0
1811,8,0
1811,9,0
1811,10,0
1811,11,0
1811,12,0
1812,1,0
1812,2,0
1812,3,0
1812,4,0
1812,5,0
1812,6,0
1812,7,0
1812,8,0
1812,9,0
1812,10,0
1812,11,0
1812,12,0
1813,1,0
1813,2,0
1813,3,0
1813,4,0
1813,5,0
1813,6,0
1813,7,0
1813,8,4.309035183499105
1813,9,0
1813,10,0
1813,11,0
1813,12,2.3143629817670934
1814,1,3.9147327261529488
1814,2,0
1814,3,8.564068504180582
1814,4,0
1814,5,24.666747426283614
1814,6,18.6189725383136
1814,7,33.71187527585453
1814,8,16.753779908934426
1814,9,31.67855693786646
1814,10,33.769676861949776
1814,11,51.83367543046756
1814,12,44.493566382161106
1815,1,49.028941184717475
1815,2,74.01140365378454
1815,3,59.23590461070674
1815,4,69.85964856367484
1815,5,85.38600671446245
1815,6,76.46641100671033
1815,7,77.3162446314767
1815,8,78.69629445441096
1815,9,95.16520757955746
1815,10,88.77716033571065
1815,11,91.75974454883216
1815,12,89.66669506497124
1816,1,92.11434686843494
1816,2,117.82873302620214
1816,3,112.85013600761746
1816,4,118.13558285490407
1816,5,113.36771626661071
1816,6,113.85702240564582
1816,7,126.95720276913237
1816,8,128.34941260085253
1816,9,146.09898372030602
1816,10,137.34521297893914
1816,11,136.4038731438987
1816,12,146.2163991961638
1817,1,147.79239227681185
1817,2,139.64601927993655
1817,3,163.69958360855296
1817,4,158.43289546217895
1817,5,165.4445029964312
1817,6,152.3128202650658
1817,7,158.55303887303654
1817,8,143.9717007123114
1817,9,142.33762915501995
1817,10,159.95045083247646
1817,11,142.79923588714527
1817,12,177.2066449491304
1818,1,167.1999537752101
1818,2,155.07266654451468
1818,3,136.411556749451
1818,4,140.92392830559407
1818,5,142.86319666600804
1818,6,127.93433375916064
1818,7,154.65841158473037
1818,8,129.10321393615263
1818,9,134.42147804583078
1818,10,131.63003186856537
1818,11,114.29634594054397
1818,12,130.0798764339993
1819,1,121.70268135482276
1819,2,134.67167880082346
1819,3,121.62098995320412
1819,4,117.18476769350231
1819,5,101.3459402509213
1819,6,95.84600735298423
1819,7,94.18600527578866
1819,8,110.16716654426222
1819,9,100.53065252066862
1819,10,88.09868757966115
1819,11,67.51148669668405
1819,12,84.95428068622572
1820,1,56.17302738991617
1820,2,68.23181919205575
1820,3,63.38552372053986
1820,4,69.9822669912455
1820,5,45.43643554774849
1820,6,30.40900752979385
1820,7,35.04631651065883
1820,8,47.29561889899549
1820,9,28.959593177345315
1820,10,41.263078243652465
1820,11,54.044203308917915
1820,12,15.757683594004853
1821,1,14.93535003024768
1821,2,28.477355883414624
1821,3,16.631446976169848
1821,4,24.93383181012917
1821,5,14.15529074377946
1821,6,0
1821,7,0
1821,8,0
1821,9,0
1821,10,0
1821,11,0
1821,12,0
1822,1,0
1822,2,0
1822,3,0
1822,4,0
1822,5,0
1822,6,0
1822,7,0
1822,8,0
1822,9,0
1822,10,0
1822,11,0
1822,12,0
1823,1,0
1823,2,0
1823,3,0
1823,4,0
1823,5,0
1823,6,0
1823,7,0
1823,8,0
1823,9,0
1823,10,0
1823,11,0
1823,12,0
1824,1,0
1824,2,0
1824,3,0
1824,4,0
1824,5,0
1824,6,0
1824,7,0
1824,8,0
1824,9,0
1824,10,3.9814122559262692
1824,11,27.94584967437185
1824,12,2.2779075801544515
1825,1,7.359350416744091
1825,2,6.325016819892538
1825,3,9.03935056828244
1825,4,23.256177875649374
1825,5,18.033567248021118
1825,6,33.59009478028851
1825,7,31.881934428476313
1825,8,23.20067751107622
1825,9,40.43044071185479
1825,10,48.01697785228106
1825,11,50.83780859906449
1825,12,52.48831163495541
1826,1,57.97231803306994
1826,2,68.29365039771385
1826,3,61.17410092472635
1826,4,71.45012260119155
1826,5,89.18748896630147
1826,6,93.65954461117222
1826,7,89.96477832855429
1826,8,85.7506553704147
1826,9,112.03825530017939
1826,10,78.01568802277183
1826,11,116.15976976780343
1826,12,111.85458414871269
1827,1,103.45466634877718
1827,2,114.60419429927802
1827,3,127.27791196969355
1827,4,105.29760656112649
1827,5,115.35604898018038
1827,6,138.6615224365446
1827,7,132.7313125802462
1827,8,117.85849211998044
1827,9,142.21841167614244
1827,10,132.40980689656942
1827,11,144.29728190777408
1827,12,142.96265452260525
1828,1,130.8224095575
1828,2,141.28033985123838
1828,3,154.0676163240989
1828,4,163.27459445935023
1828,5,138.2804573231859
1828,6,151.09515812457641
1828,7,148.50263091802321
1828,8,145.8366506292058
1828,9,153.58593964093902
1828,10,156.5441352176528
1828,11,161.6687391852893
1828,12,130.85342792695147
1829,1,147.33447364719729
1829,2,136.91140750129784
1829,3,133.4921640337129
1829,4,138.53557349618617
1829,5,139.21000263276747
1829,6,147.2699185122284
1829,7,151.83469358751495
1829,8,150.5185272323984
1829,9,136.89821840861225
1829,10,132.42517637611172
1829,11,108.10741899386664
1829,12,112.57848435714259
1830,1,113.11092758055233
1830,2,120.93672704288929
1830,3,116.5391785653717
1830,4,107.64150505881896
1830,5,91.78174494739213
1830,6,92.75865351379731
1830,7,100.01947389327518
1830,8,107.35097279451038
1830,9,89.6048536810095
1830,10,73.65103887507853
1830,11,81.1993170042284
1830,12,84.03956283280053
1831,1,71.33399198475405
1831,2,71.01587755682884
1831,3,73.19312788045818
1831,4,47.97598363328825
1831,5,67.52753732351644
1831,6,42.908768206257726
1831,7,50.6351379402124
1831,8,30.293351678215704
1831,9,61.53158699785653
1831,10,40.457640993591134
1831,11,3.5855968402405445
1831,12,22.667009318898494
1832,1,7.965308727485622
1832,2,22.991735365421636
1832,3,17.09062737670001
1832,4,8.132966751132257
1832,5,0
1832,6,0
1832,7,0
1832,8,9.42652374549666
1832,9,0
1832,10,0
1832,11,0
1832,12,0
1833,1,0
1833,2,0
1833,3,0
1833,4,0
1833,5,0
1833,6,0
1833,7,0
1833,8,0
1833,9,0
1833,10,0
1833,11,0
1833,12,0
1834,1,0
1834,2,0
1834,3,0
1834,4,0
1834,5,0
1834,6,0
1834,7,0
1834,8,0
1834,9,0
1834,10,0
1834,11,0
1834,12,0
1835,1,0
1835,2,0
1835,3,0
1835,4,0
1835,5,0
1835,6,0
1835,7,0
1835,8,0
1835,9,0
1835,10,0
1835,11,0
1835,12,0
1836,1,12.2004154992525
1836,2,0
1836,3,11.939987746895168
1836,4,11.46416165008241
1836,5,19.47298497429737
1836,6,25.006002625879393
1836,7,22.45470308834429
1836,8,45.864674946039806
1836,9,37.945966943381976
1836,10,49.58787417583797
1836,11,62.15671252227027
1836,12,33.06711425210372
1837,1,52.21350749542006
1837,2,64.45075387159386
1837,3,64.50714354143814
1837,4,66.57709117735212
1837,5,66.80034441065186
1837,6,82.56167062636807
1837,7,85.48949476118607
1837,8,86.56878229169368
1837,9,92.39469612498196
1837,10,83.62742204346861
1837,11,90.67284139242422
1837,12,101.5972437911733
1838,1,107.12240601649337
1838,2,127.35023644858387
1838,3,109.34938226897808
1838,4,117.49013806252647
1838,5,126.41728497971116
1838,6,114.68655607967156
1838,7,146.97931368724838
1838,8,129.17378337791666
1838,9,134.0446093579635
1838,10,133.96218429840883
1838,11,141.09044893319125
1838,12,133.17361624049866
1839,1,144.11858711179434
1839,2,150.69376678466824
1839,3,148.78623729857222
1839,4,136.48847849389693
1839,5,146.72852061249714
1839,6,148.45382601750362
1839,7,148.7938263759372
1839,8,159.28796256924244
1839,9,135.08471275936077
1839,10,157.71416153704493
1839,11,142.732073492195
1839,12,150.37553078903687
1840,1,145.7516535141308
1840,2,152.34608406441183
1840,3,160.24431362306206
1840,4,167.16234244465073
1840,5,152.7677474238359
1840,6,158.45238824316576
1840,7,129.3483434551884
1840,8,126.08717733503087
1840,9,142.07941295588853
1840,10,138.1793524065903
1840,11,129.9301151663883
1840,12,128.3431168720697
1841,1,112.40493814547926
1841,2,123.48689100412672
1841,3,111.45562014492022
1841,4,123.97486719707044
1841,5,110.90520136168598
1841,6,83.0541493102169
1841,7,86.01480367574858
1841,8,84.40322975628098
1841,9,85.5973233596087
1841,10,89.90720000001795
1841,11,70.42720235540683
1841,12,83.55680632548614
1842,1,53.42080745601238
1842,2,71.70120775713096
1842,3,65.27813223863627
1842,4,63.98609806185397
1842,5,62.64821992882332
1842,6,39.14117834675581
1842,7,39.57464789645773
1842,8,36.24966244206191
1842,9,27.88284506072988
1842,10,48.893309425462434
1842,11,30.47338979420133
1842,12,21.838474648070367
1843,1,23.52721439958884
1843,2,2.421074779290686
1843,3,16.228767609269635
1843,4,0
1843,5,0
1843,6,0
1843,7,9.521713071225399
1843,8,0
1843,9,0
1843,10,0
1843,11,0
1843,12,0
1844,1,0
1844,2,0
1844,3,0
1844,4,0
1844,5,0
1844,6,0
1844,7,0
1844,8,0
1844,9,0
1844,10,0
1844,11,0
1844,12,0
1845,1,0
1845,2,0
1845,3,0
1845,4,0
1845,5,0
1845,6,0
1845,7,0
1845,8,0
1845,9,0
1845,10,0
1845,11,0
1845,12,0
1846,1,0
1846,2,0
1846,3,0
1846,4,0
1846,5,0
1846,6,0
1846,7,0
1846,8,0
1846,9,0
1846,10,0
1846,11,0
1846,12,0
1847,1,8.509069774885988
1847,2,0
1847,3,9.461965770600525
1847,4,4.579174656273226
1847,5,31.617338835344068
1847,6,27.640075169323616
1847,7,26.620802816472757
1847,8,32.67205209051848
1847,9,29.206017515469977
1847,10,26.99932798188855
1847,11,48.20177859462469
1847,12,49.21080033606573
1848,1,56.786563112520426
1848,2,61.45760032871903
1848,3,73.00564927227074
1848,4,72.61634557864133
1848,5,72.26585765468937
1848,6,89.04741663143542
1848,7,88.76544332403716
1848,8,84.61496511462352
1848,9,85.82750560729725
1848,10,100.91794365134717
1848,11,101.63081478496495
1848,12,104.88683337329256
1849,1,122.85433136753988
1849,2,115.21050404211805
1849,3,105.34339952639317
1849,4,125.21341179744455
1849,5,123.1445577854106
1849,6,136.58588854297972
1849,7,116.21877311957135
1849,8,131.33394857263022
1849,9,130.42296597179495
1849,10,119.1470345025178
1849,11,133.24024606061332
1849,12,130.3359293708837
1850,1,141.0369504896968
1850,2,146.6042043428585
1850,3,154.63483794516884
1850,4,154.1156619865267
1850,5,148.71575081807907
1850,6,169.77711005741492
1850,7,162.46904703581833
1850,8,146.68582302588138
1850,9,146.3729293289423
1850,10,158.7964756259525
1850,11,144.91943265325853
1850,12,161.4813000083532
1851,1,154.9341715321029
1851,2,144.35174152014915
1851,3,136.14767172080514
1851,4,146.70528652706773
1851,5,143.22982374087178
1851,6,150.05788198566583
1851,7,146.56174280639303
1851,8,134.77379975020216
1851,9,131.30208860205246
1851,10,137.8249840020633
1851,11,132.0635395921068
1851,12,115.61774341564471
1852,1,111.03598973910377
1852,2,116.52402852695832
1852,3,102.44808411142945
1852,4,103.86755008619623
1852,5,120.92020802139467
1852,6,94.20937762817337
1852,7,90.09895598451007
1852,8,81.07325735506716
1852,9,93.3826817373341
1852,10,79.29018747587278
1852,11,85.36422674424182
1852,12,73.50476219964474
1853,1,62.72926222678167
1853,2,60.81282552327201
1853,3,60.252245129467354
1853,4,56.87330938900785
1853,5,80.49819409794053
1853,6,53.235524999580136
1853,7,60.669320693648515
1853,8,24.594063155019434
1853,9,32.646556215264994
1853,10,18.887158948003403
1853,11,23.41852737661706
1853,12,11.496910212128084
1854,1,10.88845901383036
1854,2,28.06282794327116
1854,3,0
1854,4,2.766941073243024
1854,5,15.762766467536787
1854,6,1.636852128979724
1854,7,0
1854,8,0
1854,9,0
1854,10,0
1854,11,0
1854,12,0
1855,1,0
1855,2,0
1855,3,0
1855,4,0
1855,5,0
1855,6,0
1855,7,0
1855,8,0
1855,9,0
1855,10,0
1855,11,0
1855,12,0
1856,1,0
1856,2,0
1856,3,0
1856,4,0
1856,5,0
1856,6,0
1856,7,0
1856,8,0
1856,9,0
1856,10,0
1856,11,0
1856,12,0
1857,1,0
1857,2,0
1857,3,0
1857,4,0
1857,5,0
1857,6,0
1857,7,0
1857,8,0
1857,9,0
1857,10,0
1857,11,0
1857,12,0
1858,1,0
1858,2,0.5971623542500204
1858,3,6.055711523807889
1858,4,0.8900278349261939
1858,5,18.54670844345677
1858,6,13.072669359510376
1858,7,36.2348321514951
1858,8,20.613700856565057
1858,9,19.54205893896854
1858,10,56.692361088303834
1858,11,42.5002151771277
1858,12,75.3736385403771
1859,1,66.04147798677938
1859,2,71.90185985942034
1859,3,33.566793693304945
1859,4,74.59651076307094
1859,5,59.89497782483113
1859,6,77.82996695434177
1859,7,90.45134821531943
1859,8,76.93331557756451
1859,9,79.62964976845367
1859,10,86.46328440727115
1859,11,112.2205883975524
1859,12,105.41317492858896
1860,1,103.8578440600983
1860,2,127.29731054136714
1860,3,105.82879001320451
1860,4,124.6238586587037
1860,5,114.80919834918902
1860,6,139.76081359642214
1860,7,158.57999659497477
1860,8,117.45144395313746
1860,9,144.9301194078268
1860,10,141.43352903317898
1860,11,143.58763997321262
1860,12,150.97533300804935
1861,1,145.93791752014
1861,2,157.1339522413882
1861,3,149.3658723673065
1861,4,154.07796158072375
1861,5,140.45914234740727
1861,6,171.0701655031878
1861,7,167.62654784440542
1861,8,157.05415373582068
1861,9,156.34960747762452
1861,10,166.58275727573076
1861,11,157.372416272819
1861,12,138.39808688044283
1862,1,145.80433390852295
1862,2,147.94357022937805
1862,3,154.44940935091756
1862,4,139.8904649175643
1862,5,127.82677351592028
1862,6,140.83936927601368
1862,7,148.3135715816312
1862,8,136.2412530912898
1862,9,118.06628061879957
1862,10,131.59447148842636
1862,11,150.0802471762652
1862,12,115.9113177108176
1863,1,119.52736245109654
1863,2,118.78608484491211
1863,3,95.92409237405877
1863,4,121.09980941285713
1863,5,109.22793741630542
1863,6,109.81975111432328
1863,7,111.87179490100283
1863,8,95.06549331889956
1863,9,113.24510517429464
1863,10,83.58600811220926
1863,11,79.05075278399727
1863,12,101.51715520154686
1864,1,65.3844723898171
1864,2,64.56358117323445
1864,3,71.5903389465096
1864,4,86.75048013511045
1864,5,63.36488643146892
1864,6,47.73335397923041
1864,7,51.692759640347475
1864,8,45.48453212023812
1864,9,49.78162506303519
1864,10,39.53241949700457
1864,11,53.65682915617283
1864,12,34.01302076611741
1865,1,11.163742679329353
1865,2,17.080626313820154
1865,3,0
1865,4,0
1865,5,0
1865,6,7.456594783566459
1865,7,0
1865,8,0
1865,9,0
1865,10,0
1865,11,0
1865,12,0
1866,1,0
1866,2,0
1866,3,0
1866,4,0
1866,5,0
1866,6,0
1866,7,0
1866,8,0
1866,9,0
1866,10,0
1866,11,0
1866,12,0
1867,1,0
1867,2,0
1867,3,0
1867,4,0
1867,5,0
1867,6,0
1867,7,0
1867,8,0
1867,9,0
1867,10,0
1867,11,0
1867,12,0
1868,1,0
1868,2,0
1868,3,0
1868,4,0
1868,5,0
1868,6,0
1868,7,0
1868,8,0
1868,9,0
1868,10,0
1868,11,0
1868,12,0
1869,1,20.40884336759121
1869,2,24.43893807843993
1869,3,1.7850962542268043
1869,4,15.433937987000313
1869,5,25.811063871603928
1869,6,18.389735745033374
1869,7,8.636970816336312
1869,8,15.068660354450259
1869,9,26.741569773534252
1869,10,45.34080979768774
1869,11,47.74858203302513
1869,12,51.96767901815346
1870,1,57.07468154793178
1870,2,61.86433378911415
1870,3,72.8823820467763
1870,4,70.04894750646638
1870,5,72.49261719988402
1870,6,69.43295482136533
1870,7,77.98204089105332
1870,8,91.98651189121018
1870,9,105.5435811036861
1870,10,82.00088342301623
1870,11,95.12447974027707
1870,12,107.28187282446773
1871,1,113.79598592225516
1871,2,102.94255482531018
1871,3,113.24255794638151
1871,4,127.7861489671941
1871,5,126.21560981688052
1871,6,131.74650690232733
1871,7,121.57540659614493
1871,8,132.91838484011086
1871,9,133.21921782509048
1871,10,111.90142753953288
1871,11,141.2463840111002
1871,12,143.83450491451353
1872,1,142.06367741656786
1872,2,138.98182913098663
1872,3,145.4489561113297
1872,4,149.73854320583925
1872,5,160.2499758324921
1872,6,147.08111318261155
1872,7,147.11682202750276
1872,8,142.68526114040534
1872,9,154.12699601375016
1872,10,153.8044695259365
1872,11,152.00159271581555
1872,12,137.0211220498649
1873,1,146.17181018615423
1873,2,159.9752781272977
1873,3,146.5500564718541
1873,4,141.91085092335618
1873,5,138.64856200148063
1873,6,131.76001091672563
1873,7,128.66347165980247
1873,8,133.38406529706492
1873,9,142.27497952037214
1873,10,136.75439385166146
1873,11,141.46486252135827
1873,12,120.9732563304789
1874,1,139.56624269239165
1874,2,133.2509952188381
1874,3,117.84087428106852
1874,4,106.82071729891132
1874,5,116.64487354189642
1874,6,97.23521125290804
1874,7,101.5806776121886
1874,8,108.81093034682607
1874,9,99.82120216874866
1874,10,95.05234217401029
1874,11,77.4237257057297
1874,12,94.83093657146763
1875,1,68.7263474029221
1875,2,48.766643371168854
1875,3,77.9226928846708
1875,4,42.72297266516223
1875,5,49.014960933037514
1875,6,56.29660364851003
1875,7,40.9048483708538
1875,8,24.54347471895266
1875,9,32.79981908218061
1875,10,32.04206621446256
1875,11,22.984427734388124
1875,12,5.909037088151093
1876,1,30.873221751461823
1876,2,19.494708139245578
1876,3,5.836072829008746
1876,4,6.698248631168564
1876,5,0
1876,6,0
1876,7,0
1876,8,0
1876,9,0
1876,10,0
1876,11,0
1876,12,0
1877,1,0
1877,2,0
1877,3,0
1877,4,0
1877,5,0
1877,6,0
1877,7,0
1877,8,0
1877,9,0
1877,10,0
1877,11,0
1877,12,0
1878,1,0
1878,2,0
1878,3,0
1878,4,0
1878,5,0
1878,6,0
1878,7,0
1878,8,0
1878,9,0
1878,10,0
1878,11,0
1878,12,0
1879,1,0
1879,2,0
1879,3,0
1879,4,0
1879,5,0
1879,6,0
1879,7,0
1879,8,0
1879,9,0
1879,10,0
1879,11,0
1879,12,0
1880,1,0
1880,2,3.196078649104771
1880,3,7.862461969681231
1880,4,17.21342111288684
1880,5,9.903911420512088
1880,6,17.466951934489757
1880,7,18.49965815611548
1880,8,26.286934028823218
1880,9,38.99107725223016
1880,10,42.74487689464554
1880,11,55.337188568192836
1880,12,53.605865425839426
1881,1,54.13921153871815
1881,2,76.97650674576145
1881,3,51.70429231743293
1881,4,47.27160597966632
1881,5,72.18334697959878
1881,6,96.94362575092875
1881,7,85.78760043986341
1881,8,94.1855645152724
1881,9,82.62101613141841
1881,10,92.5908062886786
1881,11,108.4338806631087
1881,12,122.51565058817468
1882,1,109.69954229022507
1882,2,118.40826726776406
1882,3,119.62451254255961
1882,4,128.5813645091769
1882,5,121.212276177356
1882,6,133.7382201897366
1882,7,128.01808962571855
1882,8,129.167793362192
1882,9,140.81352262347667
1882,10,128.21651706920775
1882,11,130.23106289740466
1882,12,140.2837471010765
1883,1,124.41994829120213
1883,2,143.5137829426165
1883,3,156.57932973980732
1883,4,138.33721637507284
1883,5,140.8159920302235
1883,6,133.20967148181683
1883,7,166.85416402644523
1883,8,149.0584050165329
1883,9,130.10323932994316
1883,10,156.4264196989086
1883,11,148.43634921315325
1883,12,145.77862036851263
1884,1,159.38433070166167
1884,2,144.62594578187264
1884,3,150.94735850993263
1884,4,149.1766294853083
1884,5,136.16081171017925
1884,6,144.9426246053617
1884,7,142.33158443725057
1884,8,128.82404049165785
1884,9,131.10614862748776
1884,10,146.56288027293365
1884,11,129.8767761210591
1884,12,141.77858893324697
1885,1,129.3397454372535
1885,2,115.98585963333989
1885,3,100.24626979384026
1885,4,122.39786297489297
1885,5,101.64520755145271
1885,6,118.20110956935902
1885,7,97.20996506485538
1885,8,92.31316174254461
1885,9,87.73471649296044
1885,10,94.10086954282085
1885,11,78.83595450427497
1885,12,76.27674733810028
1886,1,80.8966382272713
1886,2,78.72283004282424
1886,3,64.50927962306348
1886,4,34.24840808432583
1886,5,30.40272190734416
1886,6,37.74180770716944
1886,7,56.4165731365077
1886,8,46.65557468830032
1886,9,47.27475761101924
1886,10,47.229575593018616
1886,11,19.640466904972296
1886,12,22.767474021204066
1887,1,28.028978247253793
1887,2,11.07888006452592
1887,3,21.638660512040737
1887,4,0
1887,5,0
1887,6,0
1887,7,0
1887,8,0
1887,9,0
1887,10,0
1887,11,0
1887,12,0
1888,1,0
1888,2,0
1888,3,0
1888,4,0
1888,5,0
1888,6,0
1888,7,0
1888,8,0
1888,9,0
1888,10,0
1888,11,0
1888,12,0
1889,1,0
1889,2,0
1889,3,0
1889,4,0
1889,5,0
1889,6,0
1889,7,0
1889,8,0
1889,9,0
1889,10,0
1889,11,0
1889,12,0
1890,1,0
1890,2,0
1890,3,0
1890,4,0
1890,5,0
1890,6,0
1890,7,0
1890,8,0
1890,9,0
1890,10,0
1890,11,3.2954154665600157
1890,12,19.25057311488988
1891,1,0
1891,2,0
1891,3,10.191000149083395
1891,4,1.642606404710488
1891,5,23.172270149694903
1891,6,31.95265078040036
1891,7,10.765256288717048
1891,8,20.307298365826888
1891,9,28.361015212951934
1891,10,36.16807752694529
1891,11,40.83668947899229
1891,12,45.64778356970723
1892,1,52.977321465234866
1892,2,52.13148440296537
1892,3,62.20373067520366
1892,4,67.69060178713164
1892,5,86.93303119268758
1892,6,53.11548921007973
1892,7,73.20599417990526
1892,8,85.43675080812261
1892,9,104.33583246542602
1892,10,98.59347744462
1892,11,107.03004232135926
1892,12,111.92062574972444
1893,1,106.60550836865428
1893,2,117.21525897744635
1893,3,103.34307372969194
1893,4,97.57372926540165
1893,5,117.83631539724735
1893,6,121.8417698232594
1893,7,128.71673147191407
1893,8,122.6310832620494
1893,9,120.76023802487289
1893,10,146.03361366037043
1893,11,139.30814486558032
1893,12,139.84941301416185
1894,1,161.3163478741575
1894,2,140.4626516042359
1894,3,153.84920815758517
1894,4,138.77249879375006
1894,5,145.95933935738006
1894,6,152.0855032806136
1894,7,134.41807744019957
1894,8,139.23370642190235
1894,9,148.4028225149724
1894,10,146.64760152879546
1894,11,152.22983301283
1894,12,149.69068956992132
1895,1,141.35047857281916
1895,2,158.68638935672806
1895,3,144.31081908405113
1895,4,130.6022309821681
1895,5,152.94246575781693
1895,6,148.06975329086933
1895,7,152.27361615210822
1895,8,147.6442800016115
1895,9,129.32861402773563
1895,10,123.60269066301358
1895,11,149.40972523985417
1895,12,120.78763665064432
1896,1,137.9031383376714
1896,2,140.25158899657578
1896,3,134.32819862166315
1896,4,102.8949496841567
1896,5,86.75971851184578
1896,6,115.18154393431067
1896,7,97.40798928478537
1896,8,118.54260103556436
1896,9,86.60610923455756
1896,10,92.28552881164777
1896,11,86.86457266818465
1896,12,90.87875896604906
1897,1,80.84130176320403
1897,2,63.904281496665874
1897,3,63.88468765174856
1897,4,55.580795395182946
1897,5,45.551207814909844
1897,6,54.75750418987883
1897,7,37.62190958366478
1897,8,42.97195545583968
1897,9,34.156692243047004
1897,10,37.876610573294336
1897,11,12.413390398255993
1897,12,35.75325002557774
1898,1,29.83529092604588
1898,2,15.804705704001911
1898,3,1.22823916538208
1898,4,0
1898,5,0
1898,6,0
1898,7,0
1898,8,0
1898,9,0
1898,10,0
1898,11,0
1898,12,0
1899,1,0
1899,2,0
1899,3,0
1899,4,0
1899,5,0
1899,6,0
1899,7,0
1899,8,0
1899,9,0
1899,10,0
1899,11,0
1899,12,0
1900,1,0
1900,2,0
1900,3,0
1900,4,0
1900,5,0
1900,6,0
1900,7,0
1900,8,0
1900,9,0
1900,10,0
1900,11,0
1900,12,0
1901,1,0
1901,2,0
1901,3,0
1901,4,0
1901,5,0
1901,6,0
1901,7,0
1901,8,0
1901,9,0
1901,10,0
1901,11,0
1901,12,3.5183625824221103
1902,1,5.655564139754089
1902,2,0
1902,3,0
1902,4,25.11265377442809
1902,5,30.425001253101716
1902,6,32.148930811529425
1902,7,15.865704146437425
1902,8,46.36767445606508
1902,9,16.203527591235886
1902,10,45.214631598897896
1902,11,30.516597821177086
1902,12,51.069516552936676
1903,1,62.40032959334467
1903,2,42.377083022360836
1903,3,55.7506932878662
1903,4,70.00994240524523
1903,5,51.94466735391842
1903,6,93.9314410868855
1903,7,101.04435802184827
1903,8,80.20481863134042
1903,9,99.75966621096492
1903,10,95.50635272805513
1903,11,104.7212730371893
1903,12,92.70241095865252
1904,1,122.98051225872328
1904,2,125.33960336002704
1904,3,120.92610366378747
1904,4,100.23415813446644
1904,5,126.96400741480029
1904,6,136.56197458269796
1904,7,129.2290283184176
1904,8,131.28699671549296
1904,9,134.3835414279753
1904,10,141.8471174141285
1904,11,155.42990665982768
1904,12,157.57570491418664
1905,1,150.84688233741514
1905,2,151.67268774527417
1905,3,157.064112587883
1905,4,131.79477551770387
1905,5,164.53036925109353
1905,6,176.8971824810397
1905,7,152.82363179327976
1905,8,147.94329557190315
1905,9,146.87269965401111
1905,10,163.66491871048913
1905,11,148.5499511927792
1905,12,174.92787238582648
1906,1,175.67479912908118
1906,2,144.15020906749515
1906,3,151.61373706271957
1906,4,155.59250549241813
1906,5,137.02457164634345
1906,6,126.44193738575787
1906,7,150.32937544698228
1906,8,154.8316259623168
1906,9,125.40413292519732
1906,10,147.70088481074887
1906,11,139.52912172442836
1906,12,132.60214406279295
1907,1,105.33420690902283
1907,2,106.11217235805265
1907,3,108.35385708902021
1907,4,102.26424640532916
1907,5,99.843454189828
1907,6,109.74393743213683
1907,7,71.66542241507129
1907,8,109.39431069253999
1907,9,93.93140891787144
1907,10,85.98046832014263
1907,11,89.4942704992176
1907,12,76.24329796039784
1908,1,69.05380273988217
1908,2,75.72814823644666
1908,3,43.23354260140996
1908,4,42.33187912999159
1908,5,50.27207635512681
1908,6,69.50500439679993
1908,7,43.21975349852284
1908,8,33.85485126323519
1908,9,25.301422559521253
1908,10,19.40133841318798
1908,11,25.07551281673833
1908,12,16.268988994275954
1909,1,24.4917990354991
1909,2,2.5062994704556516
1909,3,5.853125833389461
1909,4,7.465558857240089
1909,5,6.746803557230988
1909,6,0
1909,7,0
1909,8,0
1909,9,0
1909,10,0
1909,11,0
1909,12,0
1910,1,0
1910,2,0
1910,3,0
1910,4,0
1910,5,0
1910,6,0
1910,7,0
1910,8,0
1910,9,0
1910,10,0
1910,11,0
1910,12,0
1911,1,0
1911,2,0
1911,3,0
1911,4,0
1911,5,0
1911,6,0
1911,7,0
1911,8,0
1911,9,0
1911,10,0
1911,11,0
1911,12,0
1912,1,0
1912,2,0
1912,3,0
1912,4,0
1912,5,0
1912,6,0
1912,7,0
1912,8,0
1912,9,0
1912,10,0
1912,11,0
1912,12,1.9061491298197053
1913,1,27.96328913664969
1913,2,12.274795430047647
1913,3,10.181951184963172
1913,4,13.960446121312582
1913,5,8.685660978204679
1913,6,7.308469371315512
1913,7,40.08570226437253
1913,8,36.932679671368334
1913,9,26.761256841072715
1913,10,46.38462010793875
1913,11,38.836183076345996
1913,12,55.90984837929207
1914,1,54.44548780662028
1914,2,61.02215946772598
1914,3,63.444327747340104
1914,4,60.842735204768616
1914,5,77.04117275539754
1914,6,69.0061166187807
1914,7,88.347524600808
1914,8,79.24464587514359
1914,9,86.52262418287702
1914,10,110.8909860469519
1914,11,87.46181877528404
1914,12,106.33965541338478
1915,1,115.72949865750813
1915,2,114.94899379550769
1915,3,91.38287775637721
1915,4,117.66117406704795
1915,5,118.10921982046656
1915,6,147.50357418072164
1915,7,116.64390369580423
1915,8,132.61779748836074
1915,9,134.1018855151754
1915,10,120.30768063330457
1915,11,149.27415081225405
1915,12,136.75506966809164
1916,1,134.6281382994224
1916,2,151.7675362631582
1916,3,139.80898880438795
1916,4,153.03978035086533
1916,5,148.255545751604
1916,6,149.24623882875338
1916,7,140.55849698272792
1916,8,148.89061075879653
1916,9,142.29132914682387
1916,10,164.32584429427428
1916,11,138.51354519308026
1916,12,155.16105342387266
1917,1,140.1033345055475
1917,2,167.4209912714986
1917,3,144.8088073155825
1917,4,116.11955467475681
1917,5,141.28299897522618
1917,6,138.2253886126834
1917,7,142.50224495751738
1917,8,118.90549346491494
1917,9,126.09248184700976
1917,10,120.01050816446809
1917,11,118.52487268439852
1917,12,117.51663846118063
1918,1,115.65943410195003
1918,2,103.3626885261003
1918,3,122.53893936592448
1918,4,107.80517147063968
1918,5,100.0624338389669
1918,6,108.31663645303006
1918,7,103.12135831620233
1918,8,94.59160422128932
1918,9,96.3093851004304
1918,10,84.03403944278415
1918,11,84.45777324904456
1918,12,74.24847930154215
1919,1,66.04646991846506
1919,2,79.58038671565969
1919,3,55.91793951984093
1919,4,62.49610346182348
1919,5,42.59824035414297
1919,6,61.593912734824826
1919,7,33.36736669351305
1919,8,34.765931873555346
1919,9,38.122466721570426
1919,10,38.041280797208614
1919,11,25.98861303538197
1919,12,19.9112790761772
1920,1,21.645567786877802
1920,2,14.730042835588446
1920,3,19.946078078041655
1920,4,0
1920,5,8.44914783440819
1920,6,0
1920,7,0
1920,8,0
1920,9,2.8109875742000803
1920,10,0
1920,11,0
1920,12,0
1921,1,0
1921,2,0
1921,3,0
1921,4,0
1921,5,0
1921,6,0
1921,7,0
1921,8,0
1921,9,0
1921,10,0
1921,11,0
1921,12,0
1922,1,0
1922,2,0
1922,3,0
1922,4,0
1922,5,0
1922,6,0
1922,7,0
1922,8,0
1922,9,0
1922,10,0
1922,11,0
1922,12,0
1923,1,0
1923,2,0
1923,3,0
1923,4,0
1923,5,0
1923,6,0
1923,7,0
1923,8,0
1923,9,0
1923,10,0
1923,11,8.70830161347154
1923,12,0
1924,1,0
1924,2,0
1924,3,17.533063443971372
1924,4,14.960776900687863
1924,5,7.189641114559295
1924,6,20.61741554905343
1924,7,30.211420970212846
1924,8,26.47857926905437
1924,9,33.468750722822655
1924,10,50.074711471644626
1924,11,52.828382487533034
1924,12,52.02991917879512
1925,1,53.67040744910154
1925,2,57.602340111752326
1925,3,68.11672061253788
1925,4,63.15280608425246
1925,5,76.86905110759942
1925,6,69.33825613172917
1925,7,88.38424738293033
1925,8,74.53408901567502
1925,9,79.3334896959839
1925,10,89.71191760687726
1925,11,107.30903230946234
1925,12,103.20933864769556
1926,1,110.54014560123291
1926,2,121.93605021498446
1926,3,117.93074586627917
1926,4,125.17871925434564
1926,5,131.11193886070578
1926,6,143.56994651184579
1926,7,132.7653258489661
1926,8,125.41237480279028
1926,9,131.06381047361754
1926,10,155.9120517576532
1926,11,144.86767586491965
1926,12,143.08625055470412
1927,1,145.67111468054597
1927,2,138.75321498068212
1927,3,127.38912146639719
1927,4,159.9936154672488
1927,5,132.8244486378856
1927,6,149.1739118134694
1927,7,133.64500641266423
1927,8,163.23900446694432
1927,9,167.88417321477652
1927,10,131.64526919185124
1927,11,143.67495446994565
1927,12,153.39745800195195
1928,1,154.62024283991542
1928,2,146.746543740261
1928,3,144.8240551611326
1928,4,145.22708394402758
1928,5,136.64690844813592
1928,6,122.71074760886061
1928,7,135.68623731885612
1928,8,140.7126815867418
1928,9,142.02164396784457
1928,10,131.81163625834174
1928,11,131.9358228022806
1928,12,120.93831495419151
1929,1,111.19592290083499
1929,2,119.91142526539848
1929,3,126.36667243420857
1929,4,109.22910902988846
1929,5,110.20952861941795
1929,6,93.62606802073452
1929,7,117.36025040759239
1929,8,93.49064932399354
1929,9,91.33322906244189
1929,10,76.44759409530997
1929,11,86.8323434974465
1929,12,80.77788526028816
1930,1,69.32167454520251
1930,2,69.83042483445861
1930,3,57.659633688835335
1930,4,51.030282082837694
1930,5,64.19976292927022
1930,6,71.43513882615309
1930,7,46.449353008757555
1930,8,47.1153716692026
1930,9,38.67751142820212
1930,10,42.897251882631835
1930,11,18.213975144271167
1930,12,27.736317916777466
1931,1,5.449356995888978
1931,2,5.292033291383518
1931,3,25.99958620972035
1931,4,0
1931,5,13.446113547523852
1931,6,0
1931,7,0
1931,8,0
1931,9,0
1931,10,0
1931,11,0
1931,12,0
1932,1,0
1932,2,0
1932,3,0
1932,4,0
1932,5,0
1932,6,0
1932,7,0
1932,8,0
1932,9,0
1932,10,0
1932,11,0
1932,12,0
1933,1,0
1933,2,0
1933,3,0
1933,4,0
1933,5,0
1933,6,0
1933,7,0
1933,8,0
1933,9,0
1933,10,0
1933,11,0
1933,12,0
1934,1,0
1934,2,0
1934,3,0
1934,4,0
1934,5,0
1934,6,0
1934,7,0
1934,8,0
1934,9,0
1934,10,0
1934,11,0
1934,12,0
1935,1,0
1935,2,16.946262803610374
1935,3,6.499601908524527
1935,4,5.511798482821959
1935,5,20.952090961465036
1935,6,36.061666794409014
1935,7,30.002777195511115
1935,8,32.81812093414311
1935,9,45.634037773212995
1935,10,53.67025648062666
1935,11,46.62116648952523
1935,12,59.57637103777305
1936,1,69.58744495505125
1936,2,47.98119688107053
1936,3,69.60529203544075
1936,4,60.66175512513117
1936,5,69.54653106823909
1936,6,74.62433633207907
1936,7,90.25923327701796
1936,8,71.63084168994912
1936,9,93.17809540376601
1936,10,90.12223923324821
1936,11,110.11966671814834
1936,12,104.81219907640379
1937,1,108.1290560806273
1937,2,119.2109802023999
1937,3,119.11822825710601
1937,4,119.94099527050426
1937,5,121.56881788710409
1937,6,134.80283379517246
1937,7,113.03558101535417
1937,8,128.48500201087325
1937,9,145.83115452252986
1937,10,132.60892025513388
1937,11,132.5643156737953
1937,12,144.9313751143388
1938,1,141.7079076030676
1938,2,126.67829795003072
1938,3,131.9495653109578
1938,4,143.62840219496067
1938,5,135.16336108912006
1938,6,151.63048217396204
1938,7,173.82868247990524
1938,8,157.7873525686807
1938,9,137.16400524257867
1938,10,155.46204515881305
1938,11,149.80488495820177
1938,12,157.63523967803874
1939,1,159.30949019900626
1939,2,157.71254689635853
1939,3,148.20062480253787
1939,4,169.2897987969729
1939,5,125.92219776128843
1939,6,118.11961243817655
1939,7,136.89777895532242
1939,8,149.27538898369897
1939,9,130.52056461812185
1939,10,133.39966437640902
1939,11,126.63273512039527
1939,12,115.89184387089695
1940,1,121.74627677452933
1940,2,123.55319049628493
1940,3,117.62775299232904
1940,4,103.22316512626398
1940,5,97.12749309347227
1940,6,94.97890022611031
1940,7,113.50820911247956
1940,8,82.12043723567706
1940,9,119.40810696285314
1940,10,99.80563509214537
1940,11,82.44389614969367
1940,12,72.96509475449048
1941,1,65.04973876126802
1941,2,63.636467725886234
1941,3,62.965117133201886
1941,4,58.552493210252145
1941,5,54.869850555517
1941,6,53.89399444555469
1941,7,44.722583503799015
1941,8,67.52421178579208
1941,9,32.359615787047694
1941,10,30.18919286736531
1941,11,11.403473345984207
1941,12,19.629722221680534
1942,1,11.730536713894406
1942,2,23.397110552014382
1942,3,12.687089020044167
1942,4,8.334104370688026
1942,5,0
1942,6,0
1942,7,0
1942,8,0.10450550566131334
1942,9,0
1942,10,0
1942,11,0
1942,12,0
1943,1,0
1943,2,0
1943,3,0
1943,4,0
1943,5,0
1943,6,0
1943,7,0
1943,8,0
1943,9,0
1943,10,0
1943,11,0
1943,12,0
1944,1,0
1944,2,0
1944,3,0
1944,4,0
1944,5,0
1944,6,0
1944,7,0
1944,8,0
1944,9,0
1944,10,0
1944,11,0
1944,12,0
1945,1,0
1945,2,0
1945,3,0
1945,4,0
1945,5,0
1945,6,0
1945,7,0
1945,8,0
1945,9,0
1945,10,0
1945,11,8.803647658990677
1945,12,0
1946,1,0
1946,2,3.064473412034447
1946,3,8.516010905285007
1946,4,12.115508256312639
1946,5,21.379717399682335
1946,6,11.591625361287468
1946,7,26.229767213261617
1946,8,36.01329299678098
1946,9,27.468726044600157
1946,10,33.061031089923375
1946,11,56.41086725200068
1946,12,48.98854745090772
1947,1,48.92656675302784
1947,2,56.89637456375018
1947,3,75.34485556364518
1947,4,80.27533566547649
1947,5,55.6749651002023
1947,6,68.17811497705526
1947,7,73.878416525462
1947,8,82.39494671026019
1947,9,94.41006619155552
1947,10,105.53881579453645
1947,11,105.5956808724615
1947,12,106.79486731586678
1948,1,115.60914715293335
1948,2,102.36854431583191
1948,3,129.06009379410588
1948,4,99.16038584241787
1948,5,131.14394138305266
1948,6,127.08414756757864
1948,7,121.44836152893569
1948,8,145.3573758464959
1948,9,133.3196261803979
1948,10,144.45981070384752
1948,11,144.15383630934443
1948,12,147.2464709730184
1949,1,137.3821915540396
1949,2,154.58409294139213
1949,3,132.5697917270161
1949,4,157.29523727737464
1949,5,146.31142620878413
1949,6,146.12123311473704
1949,7,133.7461179839681
1949,8,145.47958622990888
1949,9,158.05232402096382
1949,10,151.36368712206814
1949,11,146.77478887506567
1949,12,148.24131602225626
1950,1,168.91583970227492
1950,2,158.0195290200712
1950,3,150.26711902772416
1950,4,144.96899894923263
1950,5,136.71727775585214
1950,6,124.92749715084585
1950,7,151.64720541730756
1950,8,147.05278767505837
1950,9,154.5093890408782
1950,10,135.31082758396553
1950,11,132.56857767843218
1950,12,123.53977883024307
1951,1,126.25346817087754
1951,2,119.62241385358408
1951,3,120.35687574705695
1951,4,117.55515188083042
1951,5,110.12417575755538
1951,6,107.78321440365389
1951,7,87.26273451058594
1951,8,97.20218151969816
1951,9,91.4755021514412
1951,10,91.29988475462994
1951,11,93.65964073558014
1951,12,80.09616210116137
1952,1,80.0052962283323
1952,2,52.445196423783756
1952,3,60.63501565129006
1952,4,63.987269980026824
1952,5,52.051900850742484
1952,6,46.550659835211285
1952,7,40.16412200681306
1952,8,44.11990976437214
1952,9,38.882779879385005
1952,10,31.926047698326414
1952,11,12.734174965782357
1952,12,26.362845589829533
1953,1,32.85182059410907
1953,2,13.502487044320457
1953,3,17.92112529247042
1953,4,0
1953,5,0
1953,6,1.3110664498550761
1953,7,7.962590357519197
1953,8,0
1953,9,0
1953,10,0
1953,11,0
1953,12,0
1954,1,0
1954,2,0
1954,3,0
1954,4,0
1954,5,0
1954,6,0
1954,7,0
1954,8,0
1954,9,0
1954,10,0
1954,11,0
1954,12,0
1955,1,0
1955,2,0
1955,3,0
1955,4,0
1955,5,0
1955,6,0
1955,7,0
1955,8,0
1955,9,0
1955,10,0
1955,11,0
1955,12,0
1956,1,0
1956,2,0
1956,3,0
1956,4,0
1956,5,0
1956,6,0
1956,7,0
1956,8,0
1956,9,0
1956,10,0
1956,11,0.04731496767314347
1956,12,0.5151754773976442
1957,1,0
1957,2,0
1957,3,4.083975728403627
1957,4,0
1957,5,4.744926328089663
1957,6,35.010763312064185
1957,7,33.53132029074301
1957,8,16.947213174123533
1957,9,24.39674218922807
1957,10,36.02912394777401
1957,11,57.490064778572034
1957,12,46.03671890086443
1958,1,46.08931888750574
1958,2,55.14339745497265
1958,3,75.14787973211003
1958,4,66.727792895758
1958,5,73.08650042032903
1958,6,67.8286481110199
1958,7,76.93128370320633
1958,8,86.05105071872985
1958,9,92.57454720554142
1958,10,91.28468782084065
1958,11,118.45157913402824
1958,12,97.96901088032955
1959,1,116.92459548812656
1959,2,110.18520758268711
1959,3,125.05510378011495
1959,4,119.904508539413
1959,5,130.11647576599168
1959,6,127.6408313957478
1959,7,130.7605863332224
1959,8,141.48604071090372
1959,9,140.0321290325763
1959,10,141.34185652307232
1959,11,147.47963620734353
1959,12,118.52393655835715
1960,1,145.29761698815005
1960,2,147.91118943770658
1960,3,152.97687794293728
1960,4,160.16809721191063
1960,5,145.5377718326472
1960,6,151.99425666919439
1960,7,151.2749978962971
1960,8,162.33529854857264
1960,9,135.92653477389038
1960,10,153.88024968574757
1960,11,144.47115946291996
1960,12,148.4531617139876
1961,1,148.80520473170924
1961,2,139.87300386319598
1961,3,138.35474048911567
1961,4,139.09638724489793
1961,5,149.87721400940924
1961,6,155.96625513643923
1961,7,137.01988465231454
1961,8,125.97919888993052
1961,9,138.257277009605
1961,10,135.87784186404932
1961,11,133.2601415778749
1961,12,130.45747002313698
1962,1,107.19614574807878
1962,2,121.75232729674268
1962,3,105.96083585997941
1962,4,110.23516904966186
1962,5,116.5248078729572
1962,6,103.3090258581119
1962,7,104.49115679803081
1962,8,103.59317066912405
1962,9,78.66234970893557
1962,10,101.15638319133768
1962,11,71.0399284490712
1962,12,74.76422146660342
1963,1,70.71812253371988
1963,2,61.503987411717766
1963,3,71.29742268282583
1963,4,50.10363056190667
1963,5,51.55182603517257
1963,6,39.95801115349346
1963,7,61.618490803938876
1963,8,36.78362305897521
1963,9,31.408302021415956
1963,10,17.908145023580506
1963,11,23.132697582127125
1963,12,24.262201916804788
1964,1,25.44131359220245
1964,2,23.328167969758567
1964,3,8.415187166364849
1964,4,0
1964,5,0
1964,6,0
1964,7,0
1964,8,7.84560999259638
1964,9,0
1964,10,0
1964,11,0
1964,12,0
1965,1,0
1965,2,0
1965,3,0
1965,4,0
1965,5,0
1965,6,0
1965,7,0
1965,8,0
1965,9,0
1965,10,0
1965,11,0
1965,12,0
1966,1,0
1966,2,0
1966,3,0
1966,4,0
1966,5,0
1966,6,0
1966,7,0
1966,8,0
1966,9,0
1966,10,0
1966,11,0
1966,12,0
1967,1,0
1967,2,0
1967,3,0
1967,4,0
1967,5,0
1967,6,0
1967,7,0
1967,8,0
1967,9,0
1967,10,0
1967,11,0
1967,12,0
1968,1,0
1968,2,0
1968,3,0
1968,4,0
1968,5,16.708683672550002
1968,6,39.87203647250068
1968,7,43.68465035577119
1968,8,36.00567429683353
1968,9,23.041261664387097
1968,10,52.33067065475266
1968,11,44.02872105514516
1968,12,53.193723508540565
1969,1,59.220133287490356
1969,2,61.23628426884502
1969,3,55.81570627117325
1969,4,57.662756739035416
1969,5,55.178008777277746
1969,6,70.31825115164621
1969,7,74.6127321621185
1969,8,96.35801048438353
1969,9,87.06317086933853
1969,10,98.95840513224707
1969,11,83.82644939086087
1969,12,109.79948057129761
1970,1,113.86995385589975
1970,2,103.87875861924638
1970,3,106.1971784586606
1970,4,127.95168235240558
1970,5,105.2649736331608
1970,6,121.06526829901938
1970,7,126.36618063837183
1970,8,113.70750570112449
1970,9,117.47325952412297
1970,10,152.59418156282402
1970,11,144.49938306687758
1970,12,153.24382105119085
1971,1,141.0640628611885
1971,2,148.25973611110018
1971,3,143.42161660122767
1971,4,145.6064107785206
1971,5,169.2248707564623
1971,6,160.61058945475708
1971,7,156.31985402764488
1971,8,156.12301434421286
1971,9,150.50708266147942
1971,10,150.10710278610946
1971,11,171.30828285534207
1971,12,160.70987732684213
1972,1,147.94653915981036
1972,2,156.53143480668936
1972,3,136.91710484240903
1972,4,167.21278025897237
1972,5,147.17025965826153
1972,6,133.02927774497186
1972,7,140.25202958664448
1972,8,150.55992522173207
1972,9,131.48841891149942
1972,10,136.96307416834694
1972,11,138.57400912726837
1972,12,124.10044814937955
1973,1,127.47774248328614
1973,2,113.71564203616677
1973,3,103.20292825261856
1973,4,106.53394376225646
1973,5,112.43100949915538
1973,6,119.04302051974777
1973,7,87.70160186805988
1973,8,94.94993057343564
1973,9,98.18115100501632
1973,10,80.87216513835199
1973,11,62.571050550391774
1973,12,61.26163314330687
1974,1,81.77634545396319
1974,2,84.57134048573857
1974,3,59.65648042749873
1974,4,69.90770260000424
1974,5,49.45480478526829
1974,6,60.11241115882899
1974,7,41.677477192514594
1974,8,46.39798139587373
1974,9,26.82239635886168
1974,10,2.6310313385898
1974,11,12.721501580311196
1974,12,25.534770848444065
1975,1,4.8355255579844485
1975,2,4.917874183122631
1975,3,5.105822051708534
1975,4,0
1975,5,0
1975,6,0
1975,7,0
1975,8,0
1975,9,0
1975,10,0
1975,11,0
1975,12,0
1976,1,0
1976,2,0
1976,3,0
1976,4,0
1976,5,0
1976,6,0
1976,7,0
1976,8,0
1976,9,0
1976,10,0
1976,11,0
1976,12,0
1977,1,0
1977,2,0
1977,3,0
1977,4,0
1977,5,0
1977,6,0
1977,7,0
1977,8,0
1977,9,0
1977,10,0
1977,11,0
1977,12,0
1978,1,0
1978,2,0
1978,3,0
1978,4,0
1978,5,0
1978,6,0
1978,7,0
1978,8,0
1978,9,0
1978,10,0
1978,11,0
1978,12,0
1979,1,17.114677079994806
1979,2,8.47040014767743
1979,3,1.9064118236928609
1979,4,5.061808817477836
1979,5,14.962751968935017
1979,6,12.293712673987516
1979,7,15.518819566450867
1979,8,20.9094663673954
1979,9,33.896480508663814
1979,10,46.05515100708983
1979,11,47.30489396681054
1979,12,44.256259897481016
1980,1,65.02505138098303
1980,2,53.41511730953717
1980,3,66.47323189138434
1980,4,69.611503200571
1980,5,73.06304526784658
1980,6,73.82187467152812
1980,7,90.6954546945088
1980,8,84.36653813933668
1980,9,81.92473634545986
1980,10,100.11368065329667
1980,11,95.46190018684243
1980,12,114.43235015685758
1981,1,117.0630593978227
1981,2,86.86851386795502
1981,3,128.27867519382494
1981,4,105.01861348657187
1981,5,139.39812847812584
1981,6,118.16007881609826
1981,7,118.51916442304557
1981,8,119.71601168416447
1981,9,136.95617795887944
1981,10,140.11232618481168
1981,11,148.78975510816832
1981,12,138.3206887452558
1982,1,141.82147923898057
1982,2,151.04992561013202
1982,3,144.30625446446538
1982,4,141.46089414369075
1982,5,161.62554170949142
1982,6,172.86184155922842
1982,7,163.02084841149366
1982,8,138.75668302801697
1982,9,147.97507822758985
1982,10,142.18761952834114
1982,11,171.00021472382878
1982,12,150.4156915760324
1983,1,142.9931047621576
1983,2,154.3489450629962
1983,3,153.66297645773193
1983,4,149.8155974359616
1983,5,158.36963510020803
1983,6,145.52783026840694
1983,7,138.20290900410424
1983,8,132.4978623440929
1983,9,136.3859832491502
1983,10,107.58447510627428
1983,11,132.21705164236178
1983,12,132.83988507753764
1984,1,123.85289739570324
1984,2,130.6508127825827
1984,3,143.02897452486798
1984,4,109.91294548023916
1984,5,99.05512497185212
1984,6,102.20300227207123
1984,7,90.63243163818376
1984,8,85.87868982914173
1984,9,86.67554430139529
1984,10,89.69444000034468
1984,11,76.10512138130372
1984,12,70.03377048605627
1985,1,58.86206940744254
1985,2,79.28538109468863
1985,3,73.76569070245608
1985,4,68.62168801725397
1985,5,62.13339124310159
1985,6,52.85782222778313
1985,7,62.621301391156564
1985,8,16.734131108854765
1985,9,26.57388158425369
1985,10,36.2590862232952
1985,11,37.53911491427077
1985,12,40.155250102827544
1986,1,18.216272222777043
1986,2,8.126651332949773
1986,3,0
1986,4,0
1986,5,3.457723595280717
1986,6,10.63558272223575
1986,7,0
1986,8,0
1986,9,0
1986,10,0
1986,11,0
1986,12,0
1987,1,0
1987,2,0
1987,3,0
1987,4,0
1987,5,0
1987,6,0
1987,7,0
1987,8,0
1987,9,0
1987,10,0
1987,11,0
1987,12,0
1988,1,0
1988,2,0
1988,3,0
1988,4,0
1988,5,0
1988,6,0
1988,7,0
1988,8,0
1988,9,0
1988,10,0
1988,11,0
1988,12,0
1989,1,0
1989,2,0
1989,3,0
1989,4,0
1989,5,0
1989,6,0
1989,7,0
1989,8,0
1989,9,0
1989,10,0
1989,11,0
1989,12,0
1990,1,0
1990,2,4.532058551921029
1990,3,10.21820671314265
1990,4,1.0003836557111168
1990,5,6.282416601290205
1990,6,33.59066077374016
1990,7,30.66627666171298
1990,8,27.479936271524853
1990,9,40.88086230436608
1990,10,35.39090434605846
1990,11,66.32089625049123
1990,12,54.64367066927696
1991,1,47.602133222067714
1991,2,52.89101300954744
1991,3,71.38232707971474
1991,4,66.92893117144408
1991,5,76.66956144500223
1991,6,77.2994706094576
1991,7,95.76703724343193
1991,8,88.33426971041952
1991,9,108.0103150568375
1991,10,112.56394137991447
1991,11,108.55114200259105
1991,12,117.45165376725473
1992,1,115.14803457388963
1992,2,107.8684162504476
1992,3,127.02143761182754
1992,4,113.1214477222874
1992,5,106.3590351506007
1992,6,132.8844075631184
1992,7,136.88893496800196
1992,8,112.46216906526176
1992,9,146.6819759900085
1992,10,136.35904159158738
1992,11,147.91860461139305
1992,12,127.8012350187033
1993,1,128.1592047149394
1993,2,147.5253310913963
1993,3,156.22936554632358
1993,4,153.7672605931552
1993,5,155.58008412834312
1993,6,144.14768041688228
1993,7,149.68800843352463
1993,8,161.1027187273177
1993,9,167.9988547143355
1993,10,162.46961104727575
1993,11,144.58314959391376
1993,12,135.546303522676
1994,1,153.79979813369786
1994,2,139.99205418794915
1994,3,160.24029364600744
1994,4,146.79458664380195
1994,5,137.82069247437505
1994,6,152.05590489664402
1994,7,132.12429340221144
1994,8,141.6007320988689
1994,9,126.60454431072779
1994,10,114.978564180093
1994,11,129.17362995295477
1994,12,139.81063480299272
1995,1,130.67390809515766
1995,2,111.55450827768666
1995,3,121.02708596949769
1995,4,108.28424223131624
1995,5,112.0346112361119
1995,6,104.2281032155938
1995,7,109.02750105622391
1995,8,103.89901519078391
1995,9,99.36928614113727
1995,10,87.20121976673903
1995,11,91.85520772898916
1995,12,72.62168623583933
1996,1,79.51800754380737
1996,2,72.2662222272554
1996,3,75.60036132060878
1996,4,67.638902466477
1996,5,56.3517361386565
1996,6,40.472493224720736
1996,7,24.866530210510362
1996,8,37.15450607735094
1996,9,43.04013787757688
1996,10,17.228441394076885
1996,11,28.832069746790367
1996,12,22.27267203545932
1997,1,17.011117435355505
1997,2,18.57109607260774
1997,3,0
1997,4,14.576681922795398
1997,5,0
1997,6,5.920513379784955
1997,7,3.605981450851356
1997,8,0.7333037178086741
1997,9,0
1997,10,0
1997,11,0
1997,12,0
1998,1,0
1998,2,0
1998,3,0
1998,4,0
1998,5,0
1998,6,0
1998,7,0
1998,8,0
1998,9,0
1998,10,0
1998,11,0
1998,12,0
1999,1,0
1999,2,0
1999,3,0
1999,4,0
1999,5,0
1999,6,0
1999,7,0
1999,8,0
1999,9,0
1999,10,0
1999,11,0
1999,12,0
2000,1,0
2000,2,0
2000,3,0
2000,4,0
2000,5,0
2000,6,0
2000,7,0
2000,8,0
2000,9,0
2000,10,1.0720486635032653
2000,11,0
2000,12,0
2001,1,0
2001,2,7.396577661137458
2001,3,0
2001,4,18.566727487327423
2001,5,14.621826355900936
2001,6,20.688632709956583
2001,7,38.52598076415599
2001,8,12.955665545915835
2001,9,58.98976932988606
2001,10,41.85563649681104
2001,11,43.95519002520008
2001,12,43.92242266330834
2002,1,55.23005468499426
2002,2,54.63692040114509
2002,3,65.34397718389067
2002,4,70.36430296384623
2002,5,68.89906997347977
2002,6,63.173555721101934
2002,7,105.11790746473528
2002,8,85.271708190224
2002,9,88.14455884306177
2002,10,109.66758609498967
2002,11,101.62586891450022
2002,12,115.14734247672821
2003,1,87.40529076611315
2003,2,96.77319796906406
2003,3,141.4997105736208
2003,4,111.86467196194411
2003,5,117.67382503813928
2003,6,130.95030096850627
2003,7,128.49840605810024
2003,8,128.17013599005838
2003,9,139.5992524740525
2003,10,153.66492757591934
2003,11,153.184771359574
2003,12,148.77936131940857
2004,1,160.41621673223025
2004,2,137.1363424604718
2004,3,148.40397450208368
2004,4,151.50777746235573
2004,5,144.36069584306324
2004,6,137.18507337664525
2004,7,147.2022401961712
2004,8,153.28650745103494
2004,9,143.12800673370796
2004,10,176.95700939809922
2004,11,156.2862345993879
2004,12,149.6105767141247
2005,1,147.88949753529963
2005,2,131.55152309992388
2005,3,153.07282055284722
2005,4,150.6584804083288
2005,5,152.04383146499757
2005,6,135.35433406361108
2005,7,140.0330835409598
2005,8,128.46218504536893
2005,9,121.92220719014941
2005,10,131.42638728827856
2005,11,129.28975963446157
2005,12,121.85432583258275
2006,1,127.31428022265185
2006,2,110.14170770634612
2006,3,119.56288774152037
2006,4,106.65557234792044
2006,5,112.34712932975546
2006,6,99.22556251391843
2006,7,70.27416343180109
2006,8,95.18008762838534
2006,9,87.91047618739344
2006,10,80.98327677875125
2006,11,99.44886086150188
2006,12,72.3753741905114
2007,1,79.80483856686557
2007,2,77.75529104733819
2007,3,64.9304612889567
2007,4,52.80090504513079
2007,5,58.11188998976658
2007,6,62.10960989877815
2007,7,31.327012017012187
2007,8,40.40781458228368
2007,9,37.977670344406285
2007,10,30.048413688131312
2007,11,23.286381776782957
2007,12,27.85515855980884
2008,1,39.59487241078844
2008,2,20.23878657064417
2008,3,9.08018795814245
2008,4,11.117412936875471
2008,5,2.954334605580036
2008,6,0
2008,7,0
2008,8,0
2008,9,0
2008,10,0
2008,11,0
2008,12,0
2009,1,0
2009,2,0
2009,3,0
2009,4,0
2009,5,0
2009,6,0
2009,7,0
2009,8,0
2009,9,0
2009,10,0
2009,11,0
2009,12,0
2010,1,0
2010,2,0
2010,3,0
2010,4,0
2010,5,0
2010,6,0
2010,7,0
2010,8,0
2010,9,0
2010,10,0
2010,11,0
2010,12,0
2011,1,0
2011,2,0
2011,3,0
2011,4,0
2011,5,0
2011,6,0
2011,7,0
2011,8,0
2011,9,0
2011,10,0
2011,11,0
2011,12,0
2012,1,0
2012,2,0
2012,3,13.428568757445959
2012,4,10.6712091067764
2012,5,8.858060578161222
2012,6,19.001836436453814
2012,7,24.149030922904743
2012,8,49.353763615326244
2012,9,38.18185611831662
2012,10,44.84188098021234
2012,11,64.81578764004675
2012,12,43.9402943920148
2013,1,64.60788806774906
2013,2,46.415757801290525
2013,3,59.12092326584628
2013,4,65.78105221279739
2013,5,74.98030619188242
2013,6,94.26246839535588
2013,7,73.17944886992852
2013,8,76.3925252767156
2013,9,81.7304419587021
2013,10,101.85857571460397
2013,11,123.7209982441632
2013,12,104.66008258795812
2014,1,102.90013940742857
2014,2,114.01671143801416
2014,3,114.72034832642402
2014,4,105.89384405891408
2014,5,130.55896080233248
2014,6,133.2305326042934
2014,7,116.68590207199756
2014,8,133.9034196954442
2014,9,131.1798685601389
2014,10,132.98120770422773
2014,11,161.03366778248423
2014,12,134.7476433050439
2015,1,140.53779376457234
2015,2,151.7773006084415
2015,3,135.16213698900162
2015,4,153.78312531257305
2015,5,164.53023647672768
2015,6,153.77752523165972
2015,7,153.31764790640665
2015,8,147.84279872549808
2015,9,150.60714407394667
2015,10,131.88493011210505
2015,11,146.43621055303038
2015,12,150.31540004009258
2016,1,141.21214375717736
2016,2,148.45207007677794
2016,3,164.0777966981057
2016,4,139.2539516228651
2016,5,143.51693806507816
2016,6,144.3764133484941
2016,7,149.58623125234448
2016,8,147.16468977063732
2016,9,143.19826133369736
2016,10,126.45947372381066
2016,11,112.98100044354746
2016,12,128.21861356383585
2017,1,128.1910446883214
2017,2,107.30605172672973
2017,3,123.63576416693965
2017,4,110.20786583758321
2017,5,96.9737464019326
2017,6,93.63394797423916
2017,7,91.9395872623062
2017,8,92.53937975772646
2017,9,80.7805026021218
2017,10,82.6133201359013
2017,11,97.26252796831272
2017,12,78.81152067412967
2018,1,68.2156843638536
2018,2,66.85487732587522
2018,3,56.510219448718274
2018,4,59.92915944952594
2018,5,68.64116890800605
2018,6,66.0438922348678
2018,7,25.881013344775145
2018,8,51.45511766926713
2018,9,36.14893103198732
2018,10,33.77564410125737
2018,11,39.45607914604809
2018,12,12.438006688780387
2019,1,18.660520348485477
2019,2,4.518031060945194
2019,3,1.2657183345188407
2019,4,1.4043409473437944
2019,5,11.869948377863789
2019,6,4.430761073224447
2019,7,0
2019,8,0
2019,9,0
2019,10,0
2019,11,0
2019,12,0
2020,1,0
2020,2,0
2020,3,0
2020,4,0
2020,5,0
2020,6,0
2020,7,0
2020,8,0
2020,9,0
2020,10,0
2020,11,0
2020,12,0
2021,1,0
2021,2,0
2021,3,0
2021,4,0
2021,5,0
2021,6,0
2021,7,0
2021,8,0
2021,9,0
2021,10,0
2021,11,0
2021,12,0
2022,1,0
2022,2,0
2022,3,0
2022,4,0
2022,5,0
2022,6,0
2022,7,0
2022,8,0
2022,9,2.5101229912338354
2022,10,0
2022,11,0
2022,12,0
2023,1,9.097402701724091
2023,2,0
2023,3,22.736212290376056
2023,4,28.073462578257164
2023,5,3.207279833162982
2023,6,37.458976350727326
2023,7,18.352575507277027
2023,8,34.10726200926603
2023,9,47.910568350616025
2023,10,52.054688292434854
2023,11,41.17125220061576
2023,12,58.23540754833349
2024,1,58.54097216593821
2024,2,66.33722755763942
2024,3,44.26218614418565
2024,4,82.23574781274476
2024,5,88.03389202035886
2024,6,67.43476176559444
2024,7,85.7258142585803
2024,8,93.67432571841907
2024,9,98.52682944507606
2024,10,89.74438058498042
2024,11,94.78214616798647
2024,12,113.723325559171
